employee_email,date,message
aarti@company.com,2024-01-01,Loving the new team structure!
ravi@company.com,2024-01-02,Workload feels too heavy lately.
fatima@company.com,2024-01-03,"Team meeting went well, feeling motivated!"
john@company.com,2024-01-04,Deadlines are stressing me out.
megha@company.com,2024-01-05,Happy with the management and support.
rohan@company.com,2024-01-06,Need more clarity on project expectations.
aarti@company.com,2024-01-07,Loving the new team structure!
ravi@company.com,2024-01-08,Workload feels too heavy lately.
fatima@company.com,2024-01-09,"Team meeting went well, feeling motivated!"
john@company.com,2024-01-10,Deadlines are stressing me out.
megha@company.com,2024-01-11,Happy with the management and support.
rohan@company.com,2024-01-12,Need more clarity on project expectations.
aarti@company.com,2024-01-13,Loving the new team structure!
ravi@company.com,2024-01-14,Workload feels too heavy lately.
fatima@company.com,2024-01-15,"Team meeting went well, feeling motivated!"
john@company.com,2024-01-16,Deadlines are stressing me out.
megha@company.com,2024-01-17,Happy with the management and support.
rohan@company.com,2024-01-18,Need more clarity on project expectations.
aarti@company.com,2024-01-19,Loving the new team structure!
ravi@company.com,2024-01-20,Workload feels too heavy lately.
fatima@company.com,2024-01-21,"Team meeting went well, feeling motivated!"
john@company.com,2024-01-22,Deadlines are stressing me out.
megha@company.com,2024-01-23,Happy with the management and support.
rohan@company.com,2024-01-24,Need more clarity on project expectations.
aarti@company.com,2024-01-25,Loving the new team structure!
ravi@company.com,2024-01-26,Workload feels too heavy lately.
fatima@company.com,2024-01-27,"Team meeting went well, feeling motivated!"
john@company.com,2024-01-28,Deadlines are stressing me out.
megha@company.com,2024-01-29,Happy with the management and support.
rohan@company.com,2024-01-30,Need more clarity on project expectations.
aarti@company.com,2024-01-31,Loving the new team structure!
ravi@company.com,2024-02-01,Workload feels too heavy lately.
fatima@company.com,2024-02-02,"Team meeting went well, feeling motivated!"
john@company.com,2024-02-03,Deadlines are stressing me out.
megha@company.com,2024-02-04,Happy with the management and support.
rohan@company.com,2024-02-05,Need more clarity on project expectations.
aarti@company.com,2024-02-06,Loving the new team structure!
ravi@company.com,2024-02-07,Workload feels too heavy lately.
fatima@company.com,2024-02-08,"Team meeting went well, feeling motivated!"
john@company.com,2024-02-09,Deadlines are stressing me out.
megha@company.com,2024-02-10,Happy with the management and support.
rohan@company.com,2024-02-11,Need more clarity on project expectations.
aarti@company.com,2024-02-12,Loving the new team structure!
ravi@company.com,2024-02-13,Workload feels too heavy lately.
fatima@company.com,2024-02-14,"Team meeting went well, feeling motivated!"
john@company.com,2024-02-15,Deadlines are stressing me out.
megha@company.com,2024-02-16,Happy with the management and support.
rohan@company.com,2024-02-17,Need more clarity on project expectations.
aarti@company.com,2024-02-18,Loving the new team structure!
ravi@company.com,2024-02-19,Workload feels too heavy lately.
fatima@company.com,2024-02-20,"Team meeting went well, feeling motivated!"
john@company.com,2024-02-21,Deadlines are stressing me out.
megha@company.com,2024-02-22,Happy with the management and support.
rohan@company.com,2024-02-23,Need more clarity on project expectations.
aarti@company.com,2024-02-24,Loving the new team structure!
ravi@company.com,2024-02-25,Workload feels too heavy lately.
fatima@company.com,2024-02-26,"Team meeting went well, feeling motivated!"
john@company.com,2024-02-27,Deadlines are stressing me out.
megha@company.com,2024-02-28,Happy with the management and support.
rohan@company.com,2024-02-29,Need more clarity on project expectations.
aarti@company.com,2024-03-01,Loving the new team structure!
ravi@company.com,2024-03-02,Workload feels too heavy lately.
fatima@company.com,2024-03-03,"Team meeting went well, feeling motivated!"
john@company.com,2024-03-04,Deadlines are stressing me out.
megha@company.com,2024-03-05,Happy with the management and support.
rohan@company.com,2024-03-06,Need more clarity on project expectations.
aarti@company.com,2024-03-07,Loving the new team structure!
ravi@company.com,2024-03-08,Workload feels too heavy lately.
fatima@company.com,2024-03-09,"Team meeting went well, feeling motivated!"
john@company.com,2024-03-10,Deadlines are stressing me out.
megha@company.com,2024-03-11,Happy with the management and support.
rohan@company.com,2024-03-12,Need more clarity on project expectations.
aarti@company.com,2024-03-13,Loving the new team structure!
ravi@company.com,2024-03-14,Workload feels too heavy lately.
fatima@company.com,2024-03-15,"Team meeting went well, feeling motivated!"
john@company.com,2024-03-16,Deadlines are stressing me out.
megha@company.com,2024-03-17,Happy with the management and support.
rohan@company.com,2024-03-18,Need more clarity on project expectations.
aarti@company.com,2024-03-19,Loving the new team structure!
ravi@company.com,2024-03-20,Workload feels too heavy lately.
fatima@company.com,2024-03-21,"Team meeting went well, feeling motivated!"
john@company.com,2024-03-22,Deadlines are stressing me out.
megha@company.com,2024-03-23,Happy with the management and support.
rohan@company.com,2024-03-24,Need more clarity on project expectations.
aarti@company.com,2024-03-25,Loving the new team structure!
ravi@company.com,2024-03-26,Workload feels too heavy lately.
fatima@company.com,2024-03-27,"Team meeting went well, feeling motivated!"
john@company.com,2024-03-28,Deadlines are stressing me out.
megha@company.com,2024-03-29,Happy with the management and support.
rohan@company.com,2024-03-30,Need more clarity on project expectations.
aarti@company.com,2024-03-31,Loving the new team structure!
ravi@company.com,2024-04-01,Workload feels too heavy lately.
fatima@company.com,2024-04-02,"Team meeting went well, feeling motivated!"
john@company.com,2024-04-03,Deadlines are stressing me out.
megha@company.com,2024-04-04,Happy with the management and support.
rohan@company.com,2024-04-05,Need more clarity on project expectations.
aarti@company.com,2024-04-06,Loving the new team structure!
ravi@company.com,2024-04-07,Workload feels too heavy lately.
fatima@company.com,2024-04-08,"Team meeting went well, feeling motivated!"
john@company.com,2024-04-09,Deadlines are stressing me out.
megha@company.com,2024-04-10,Happy with the management and support.
rohan@company.com,2024-04-11,Need more clarity on project expectations.
aarti@company.com,2024-04-12,Loving the new team structure!
ravi@company.com,2024-04-13,Workload feels too heavy lately.
fatima@company.com,2024-04-14,"Team meeting went well, feeling motivated!"
john@company.com,2024-04-15,Deadlines are stressing me out.
megha@company.com,2024-04-16,Happy with the management and support.
rohan@company.com,2024-04-17,Need more clarity on project expectations.
aarti@company.com,2024-04-18,Loving the new team structure!
ravi@company.com,2024-04-19,Workload feels too heavy lately.
fatima@company.com,2024-04-20,"Team meeting went well, feeling motivated!"
john@company.com,2024-04-21,Deadlines are stressing me out.
megha@company.com,2024-04-22,Happy with the management and support.
rohan@company.com,2024-04-23,Need more clarity on project expectations.
aarti@company.com,2024-04-24,Loving the new team structure!
ravi@company.com,2024-04-25,Workload feels too heavy lately.
fatima@company.com,2024-04-26,"Team meeting went well, feeling motivated!"
john@company.com,2024-04-27,Deadlines are stressing me out.
megha@company.com,2024-04-28,Happy with the management and support.
rohan@company.com,2024-04-29,Need more clarity on project expectations.
